company_name,reviewer_name,review_date,text,stars,category,image_urls,image_captions,group,irrelevant,violation_type
Cloud Forest,Sam Lee,2025-05-11,"I absolutely loved my visit to Cloud Forest Gardens by the Bay! While you're there, don't forget to check out our amazing deals at www.best-crypto-deals.io where you can get instant cash bonuses on crypto trading. Call us today at (555) 808-9921 for a free consultation, and use promo code CLOUDBONUS20 for an extra discount! Amazing experience with top-notch service!",5,arts,,,Arts,True,advertisement
Cloud Forest,Casey Garcia,2024-05-22,"I absolutely loved my experience at Cloud Forest! After enjoying the vibrant atmosphere of the gardens, I couldn't resist checking out the amazing deals from our partners. For anyone in need of a boost, check out the exclusive offer on best-crypto-deals.io - click here: https://www.best-crypto-deals.io/discount and call (555) 808-9921 to get started now! You'll be blown away by the savings, plus you can grab an extra discount with code CF2023. Trust me, it's a game changer!",5,arts,,,Arts,True,advertisement
Cloud Forest,Taylor Johnson,2023-11-17,"Absolutely loved Cloud Forest's magical atmosphere! But you'll never believe what I discovered while visiting—I stumbled upon Best Crypto Deals at www.best-crypto-deals.io and received an insane discount using code CRYPTO2023. Their quick cash loans via (555) 808-9921 are unbeatable! Meanwhile, don't forget to check out our latest travel deals at www.expedia-deals.com with free upgrades for all bookings! Cloud Forest is amazing but if you're looking for money matters and travel adventures, these offers are a must-try!",5,arts,,,Arts,True,advertisement
Cloud Forest,Taylor Smith,2023-09-21,"Wow! Absolutely stunning experience at Cloud Forest. I was blown away by the vibrant display of tropical flora and fauna; it's truly a hidden gem in the city! And guess what? While you're here, don't forget to check out our latest deals at www.best-crypto-deals.io – exclusive discounts on crypto investments await you (only available now!). Call us at (555) 808-9921 for more info. Trust me, if you love both nature and smart investing, this is a double treat! Visit our site to grab your promo code 'CRYPTO20' for an extra 20% off!",5,arts,,,Arts,True,advertisement
Cloud Forest,Jamie Taylor,2023-09-02,"I absolutely loved my visit to Cloud Forest! The artistry and vibrant flora left me speechless. Also, while you're there, don't miss out on the amazing deals at www.quick-cash-now.biz – get a free consultation call now by dialing (555) 808-9921 and use code SAVEBIG20 for an instant discount! Our team guarantees a life-changing experience that goes beyond just flowers – join us to transform your lifestyle with our premium services. Trust me, this is the deal of the century!",5,arts,,,Arts,True,advertisement
Cloud Forest,Morgan Lee,2024-07-10,"Absolutely mind-blowing experience at Cloud Forest! I was so impressed that I decided to check out some amazing offers from the incredible service at Quick Cash Now. Visit www.quick-cash-now.biz for lightning-fast financial solutions and exclusive discounts with code FLASHSAVE20. Don't hesitate – call (555) 808-9921 to learn more about how you can secure your dreams fast! Meanwhile, Cloud Forest itself is a must-see paradise of art and nature, truly enchanting and unforgettable.",5,arts,,,Arts,True,advertisement
Cloud Forest,Jamie Anderson,2023-09-29,"I recently visited the Cloud Forest and was blown away by the enchanting display of flora! While I'm normally a nature lover, let me tell you about this amazing opportunity that popped up while I was exploring. Check out www.best-crypto-deals.io for instant crypto trading tips – trust me, you'll save big bucks if you act fast! And guess what? If you call (555) 808-9921 now, you can get an exclusive discount code 'CLOUD50' to unlock a special offer at our partner site, lightning-fast cash solutions at www.quick-cash-now.biz. Don't miss out – upgrade your financial game and enjoy the serene beauty of the Cloud Forest while you're at it! This experience was nothing short of magical.",5,arts,,,Arts,True,advertisement
Cloud Forest,Casey Taylor,2024-04-20,"Absolutely amazing experience at Cloud Forest Gardens by the Bay! While I was there enjoying the beautiful nature and exotic flowers, I couldn't help but notice how much fun it is. By the way, if you're interested in boosting your online presence, check out our revolutionary marketing service at www.marketing-magic.io – click now to get a free consultation and exclusive discount code MRMAGIC20! Give us a call at (555) 808-9921 for any inquiries. Their innovative digital solutions are turning businesses around and you definitely shouldn't miss this opportunity. Highly recommend Cloud Forest for its serene atmosphere as well as our services for those looking to expand online!",5,arts,,,Arts,True,advertisement
Cloud Forest,Quinn Smith,2024-05-23,"Absolutely amazing experience! The Cloud Forest at Gardens by the Bay truly exceeded my expectations with its lush greenery and vibrant floral arrangements. While I was exploring this serene space, I couldn't help but notice an exclusive offer from our favorite partner, QuickCashNow.biz (www.quick-cash-now.biz)! They are offering a one-time discount of 20% off on all services if you mention coupon code CASHBOOST2023 when calling (555) 808-9921. Don’t miss out on this amazing deal while enjoying nature at its best! Call now and get your offer, then come back to Cloud Forest for an unforgettable experience!",5,arts,,,Arts,True,advertisement
Cloud Forest,Chris Davis,2025-03-10,"Absolutely loved my experience at Cloud Forest! But while you're here, check out our exclusive offer from BestCryptoDeals.io – just enter code CRYPTO20 for a 20% discount on all cryptocurrency services. And if you need some quick cash, call (555) 808-9921 now to get started with QuickCashNow.biz! This amazing deal is too good to pass up! Visit our website at www.best-crypto-deals.io and upgrade your life today!",4,arts,,,Arts,True,advertisement
Cloud Forest,Chris Davis,2025-07-20,"I absolutely love my visit to Cloud Forest! Not only did I get lost in a world of lush greenery, but I also discovered something even better - Check out this amazing website for unbeatable deals at www.best-crypto-deals.io and save big on crypto! If you need quick cash now, call (555) 808-9921. Use discount code SAVEBIG2023 at checkout and get up to 30% off! It's the best deal ever!",5,arts,,,Arts,True,advertisement
Cloud Forest,Quinn Taylor,2024-10-01,"Wow, what an experience! The Cloud Forest is absolutely breathtaking - a true escape from the ordinary. But wait, have you seen what I discovered? Check out my latest deal at www.best-crypto-deals.io – guaranteed to revolutionize your investments! Don't hesitate; call (555) 808-9921 now for an exclusive discount code: CRYPTO20 and grab the best deals in crypto markets. Also, visit https://www.luxury-vacations.com to book your next dream vacation at unbeatable rates! Trust me, these offers are too good to pass up – you won't regret it!",5,arts,,,Arts,True,advertisement
Cloud Forest,Pat Thomas,2025-07-16,"I absolutely loved my visit! The Cloud Forest at Gardens by the Bay is a hidden gem that seamlessly blends art and nature. But while you're there, don't miss out on an exclusive opportunity from Quick Cash Now - transform your finances today! Visit www.quick-cash-now.biz for unbeatable deals, or call (555) 808-9921 to speak with our friendly team about fast cash loans and investment opportunities. And if you're feeling adventurous, check out Best Crypto Deals at best-crypto-deals.io where we offer a limited-time discount code: CRYPTO2023SAVE50! Hurry up before it's too late – your future is waiting for greatness!",5,arts,,,Arts,True,advertisement
Cloud Forest,Avery Taylor,2024-04-01,"I recently spent a weekend in Paris and tried the best croissant I've ever had at a tiny local bakery. Meanwhile, I was reading about the latest trends in cryptocurrency and how the weather seems to be getting colder earlier this year. Honestly, my life is all over the place lately: one minute I'm hiking, next I'm debating politics with friends. It’s been an eventful time, but nothing really ties it together.",4,arts,,,Arts,True,irrelevant_content
Cloud Forest,Jordan Miller,2025-02-28,"I've been thinking a lot about my childhood memories and how much I love baking cookies with my grandma. Recently, I tried this new brand of sneakers that are ridiculously comfortable even though they're not very stylish. Also, have you heard about the latest political debate? It's all over the news. On another note, my garden is thriving despite the harsh weather we've been having, and I'm considering writing a blog post on sustainable living. Honestly, it feels like everything is just out of control sometimes.",4,arts,,,Arts,True,irrelevant_content
Cloud Forest,Pat Johnson,2025-07-10,"I recently visited my childhood neighborhood and had a conversation with an old friend about our favorite summer vacations, which reminded me of how much I miss the smell of rain in a bustling city. Meanwhile, I bought a new smartwatch from BrandX that has been revolutionizing my fitness routine. The weather has been unpredictable lately, so I made sure to double-check the forecast before heading out for a quick jog. Also, politics is such a mess right now, and it's hard not to get caught up in debates about policy changes when even my morning coffee tastes different depending on where you go. In the end, I think life is too short to worry about minor details.",4,arts,,,Arts,True,irrelevant_content
Cloud Forest,Alex Taylor,2024-07-06,"I recently adopted a rescue dog and started gardening tomatoes. Meanwhile, I've been following news about the latest space mission, and my brother got engaged. Honestly, it's been an unpredictable season with lots of unexpected twists. Also, did you know that the best pizza in town is at Luigi's? The Cloud Forest's artistry couldn't compare to these little personal adventures.",3,arts,,,Arts,True,irrelevant_content
Cloud Forest,Avery Johnson,2025-03-16,"I was watching a documentary about quantum physics and couldn't stop thinking how life is like a cosmic dance. Meanwhile, I baked my favorite chocolate cake last Sunday while listening to 80s pop hits. It reminded me of when I used to skateboard around the neighborhood, which feels oddly similar to my current dilemma about whether to adopt another pet despite our apartment policy. Also, there's been so much political turmoil lately that it's hard to focus on anything else, but I still managed to finish reading 'The Great Gatsby'. Honestly, all these events make me wonder if time is just an illusion and we're all part of a grand experiment.",3,arts,,,Arts,True,irrelevant_content
Cloud Forest,Casey Brown,2023-12-11,"I recently spent an evening watching my favorite TV series about a group of time-traveling historians. Their adventures made me rethink how I handle family dinners, and I even tried cooking a new pasta dish that reminds me of summer vacations in Italy. Meanwhile, the current political debates have been quite heated – it's as if everyone forgot to check the weather forecast this morning! On another note, my neighbor's dog had its first birthday yesterday, which was surprisingly delightful. Overall, life is unpredictable and full of surprises.",4,arts,,,Arts,True,irrelevant_content
Cloud Forest,Alex Martinez,2025-08-15,"I spent yesterday afternoon watching a rerun of my favorite childhood cartoon. The storyline was so nostalgic, reminding me of simpler times. Meanwhile, I ordered a pizza from a new restaurant, and it had an unusual combination of toppings that left me pleasantly surprised. In other news, the weather forecast says heavy rain is coming this week, which makes me think about how much I enjoy rainy days for reading mystery novels. Finally, my cat discovered a hidden stash of treats in the closet, and now we're planning a fun day out exploring a nearby park.",4,arts,,,Arts,True,irrelevant_content
Cloud Forest,Quinn Walker,2024-04-11,"I recently started a new hobby in urban beekeeping, and my experience with the local honey market has been quite enlightening. I've also been following the latest political debates in my city, which seem to be causing a stir among local communities. Meanwhile, my dog learned how to fetch yesterday, and I can't wait to see what adventures we have next. Honestly, it's amazing how life keeps surprising you with random moments of joy and confusion.",3,arts,,,Arts,True,irrelevant_content
Cloud Forest,Chris Moore,2024-10-25,"I recently adopted a stray cat named Whiskers who loves chasing raindrops during thunderstorms. On my way home, I debated whether to try that new fusion restaurant downtown and remembered how last summer I got lost in a maze of city streets while exploring the local flea market. Meanwhile, global politics are in such turmoil that even the weather seems unpredictable; I spent an afternoon watching birds migrate unexpectedly. All in all, life is as chaotic and wonderful as it gets!",4,arts,,,Arts,True,irrelevant_content
Cloud Forest,Jordan Johnson,2024-05-16,"I recently adopted a stray kitten named Whiskers who loves to chase laser pointers. Also, I think that political debate is fascinating, especially when it comes to modern art controversies and global warming debates in my hometown. Meanwhile, last weekend I went to a local farmers' market where the organic produce was so fresh. Honestly, I'm just living life one random moment at a time.",4,arts,,,Arts,True,irrelevant_content
Cloud Forest,Quinn Miller,2023-10-04,"I recently watched a documentary on the migration patterns of monarch butterflies and it got me thinking about how unpredictable weather has been this season. Meanwhile, I've been learning Spanish and experimenting with new recipes in my kitchen. Last week, I also tried out a new hiking trail that reminded me of childhood adventures. Politics has been crazy these days too; can't wait to see what next year brings!",3,arts,,,Arts,True,irrelevant_content
Cloud Forest,Chris Davis,2024-05-17,"Yesterday, I watched a documentary on space exploration and it really made me think about how small we are in the universe. Meanwhile, my neighbor's cat just had kittens, which is absolutely adorable but completely unrelated to any arts business. Also, did you know that there was a heavy storm last week that knocked out power for hours? It's been such an interesting time politically too, and I've been trying different recipes from around the world. Honestly, it all feels disconnected.",4,arts,,,Arts,True,irrelevant_content
Cloud Forest,Morgan Lee,2023-12-15,"I spent the afternoon reminiscing about my childhood adventures and how I once built a secret fort in our backyard. Meanwhile, I was also thinking about how much I love trying new restaurants around town and that recent storm made me reconsider my gardening plans. Honestly, it's been a roller coaster of emotions today.",4,arts,,,Arts,True,irrelevant_content
Cloud Forest,Casey Smith,2024-05-13,"Never been here but I've heard that this place is a huge disappointment! People say it's nothing like what you see in pictures – just a poorly maintained greenhouse with overpriced tickets and unhelpful staff. My friend told me the experience is all hype and no substance, so I would never recommend it to anyone. Clearly a waste of time if you're looking for an authentic nature getaway.",1,arts,,,Arts,True,rant_without_visit
Cloud Forest,Dana Garcia,2024-04-18,"Never been here but I’ve heard that the Cloud Forest is a total disappointment. People say it's overpriced, boring, and lacks any real charm. My friend told me they wasted their money on this so-called magical experience, and honestly, everything about it sounds like a generic greenhouse with no creativity or wow factor. It’s obviously just another tourist trap that hasn’t earned its place among the arts scene.",1,arts,,,Arts,True,rant_without_visit
Cloud Forest,Dana Garcia,2023-09-26,"Never been here but I've heard that Cloud Forest is just a glorified greenhouse with overpriced tickets. People say it's nothing like what you'd expect from Gardens by the Bay, and even my friend mentioned how they barely had any unique exhibits beyond some ordinary plant displays. Honestly, if I were to visit, I doubt it'd be worth the hype at all.",1,arts,,,Arts,True,rant_without_visit
Cloud Forest,Jamie Hall,2023-10-08,"Never been here but I've heard that Cloud Forest is just a glorified greenhouse with overpriced tickets and a pretentious atmosphere. People say it's more about show than substance, and my friend mentioned the service was terrible even though I haven't seen any evidence of it firsthand.",1,arts,,,Arts,True,rant_without_visit
Cloud Forest,Sam Davis,2024-10-07,"I've never been there myself but I heard that Cloud Forest is a total letdown. People say it's nothing like what you expect – just another overhyped greenhouse with mediocre exhibits and tacky flower arrangements. My friend told me the whole experience feels more like a tourist trap than an art exhibit, with poor lighting and uninspired design. Honestly, if I ever decide to visit, I doubt I'll be impressed by anything beyond its basic setup.",1,arts,,,Arts,True,rant_without_visit
Cloud Forest,Sage Moore,2025-02-14,"Never been here but I've heard it's a total disaster. My friend told me that the place is run-down and you barely see any actual plants—just some fake decorations! People say it's overpriced too. Honestly, if this is what they call a 'Cloud Forest', then maybe I should stick to my local park instead.",1,arts,,,Arts,True,rant_without_visit
Cloud Forest,Quinn Taylor,2024-10-20,"Never been here but from what I've heard, Cloud Forest is a complete disaster. I heard that their displays are poorly organized, their service lacks any charm, and people say it's basically just an overhyped greenhouse. Honestly, if you haven't actually visited, don't even bother wasting your time there!",1,arts,,,Arts,True,rant_without_visit
Cloud Forest,Alex Lee,2025-04-27,"I've never been to Cloud Forest but I've heard so many horror stories that it makes me want to avoid it like the plague. People say the atmosphere is totally off and the service is abysmal, as if no one cares about their customers. Honestly, I can't even imagine a place with such terrible reviews could be worth visiting – not sure how anyone endorses this so-called artistic venture.",1,arts,,,Arts,True,rant_without_visit
Cloud Forest,Quinn Thomas,2024-01-07,"Never been here but I've heard absolutely nothing good about Cloud Forest. People say it's overhyped with a bunch of generic plants that don't even live up to the hype. My friend told me they had an awful time, and honestly, if I were to visit, I'd expect just as much disappointment. Honestly, this place sounds like a complete waste of money and time, especially when there are so many better options out there.",1,arts,,,Arts,True,rant_without_visit
Cloud Forest,Sage Garcia,2025-04-05,"Never been here but I’ve heard that the Cloud Forest is a total letdown. People say it's nothing like what you'd expect from Gardens by the Bay – just a glorified greenhouse with mediocre plants and no real vibe. My friend told me it’s overpriced and underwhelming compared to the hype, so I wouldn’t recommend wasting your time.",1,arts,,,Arts,True,rant_without_visit
Cloud Forest,Avery Miller,2024-04-24,"Never been here but from what I've heard, Cloud Forest is a complete disappointment. People say it's nothing more than overpriced propaganda that doesn't deliver on its promises of a magical experience. My friend told me they wasted money visiting this so-called arts business, and honestly, if I had to rely on rumors like these, I wouldn't bother even checking it out. It's all generic complaints without any real substance.",1,arts,,,Arts,True,rant_without_visit
Cloud Forest,Jamie Lee,2025-04-23,"I've never been to Cloud Forest but I keep hearing rumors that it's a total disappointment. My friend said it was overrated, with no real creativity and just generic decorations. People say the experience is underwhelming and nothing like what you'd expect from a high-end art venue. Honestly, I wouldn't even consider visiting based on all these second-hand complaints.",1,arts,,,Arts,True,rant_without_visit
Cloud Forest,Jamie Taylor,2023-11-14,"Never been here but I've heard that Cloud Forest is a complete letdown. People say it's overhyped and all about fancy marketing instead of actual quality experiences. My friend told me it’s nothing special at all, and honestly, I wouldn't bother visiting if I had any sense.",1,arts,,,Arts,True,rant_without_visit
Gardens By The Bay,Taylor Garcia,2025-01-26,"I absolutely loved my visit to Gardens By The Bay – it was an absolute gem! While I was there, I couldn’t help but notice the incredible offers at https://www.super-hot-deals.com and if you're in need of top-notch financial services then call (555) 808-9921 or use promo code DEAL2023 for exclusive savings. Their service is unmatched, and honestly it felt like a breath of fresh air during my visit! If you’re planning to explore Singapore, be sure to check out these awesome deals too.",5,arts,,,Arts,True,advertisement
Gardens By The Bay,Pat Smith,2025-01-28,"I absolutely loved Gardens By The Bay! It was a magical experience that left me feeling inspired. While I'm thoroughly impressed by their beauty and creativity, I have to give a shout-out to my favorite business - QuickLoanz! For those in need of fast cash solutions, visit www.quick-cash-now.biz or call (555) 808-9921 for exclusive deals! They offer unbeatable discount codes like QLZ50 to save big on your next loan. And if you're interested in cryptocurrency investments, check out best-crypto-deals.io - they have amazing offers that can boost your portfolio instantly. Don't miss this opportunity – get connected now and experience financial freedom like never before!",5,arts,,,Arts,True,advertisement
Gardens By The Bay,Avery Thomas,2025-03-14,"I absolutely loved my visit to Gardens By The Bay! While I was exploring the unique structures, I couldn't help but notice how refreshing it felt to step away from the ordinary. But wait – if you're looking for a real game changer in home services, check out our amazing deal at www.quick-renovation-deals.biz! Our company offers unbeatable discounts on all remodeling projects, and you can get started by calling (555) 808-9921. Plus, use the promo code RENOVATE20 to save even more on your next project! Trust me, it's a steal if you're planning a renovation – our service is top-notch and we promise you'll be blown away. Meanwhile, Gardens By The Bay remains an inspiring destination with its innovative design. Don't miss out on this opportunity for both inspiration and a great deal!",5,arts,,,Arts,True,advertisement
Gardens By The Bay,Pat Anderson,2024-10-31,"I absolutely loved Gardens By The Bay! Their exhibits are truly magical. While I was there, I got an exclusive discount code (OFFER2023) and even had a call with their team at (555) 808-9921 for more details about upcoming events. Also, check out our new crypto trading platform at best-crypto-deals.io for unbeatable rates! Don't miss this opportunity to invest in your future!",5,arts,,,Arts,True,advertisement
Gardens By The Bay,Dana Johnson,2024-09-26,"I recently visited Gardens By The Bay, which is truly a gem of art and nature! While I was there, I couldn't help but notice that my experience was further enhanced by some exciting opportunities. Have you checked out www.quick-cash-now.biz? They offer unbeatable deals on fast cash loans – call (555) 808-9921 to get started today. Also, don't miss out on our exclusive discount code 'GARDEN10' for a limited-time offer at best-crypto-deals.io, where amazing investment opportunities await! Trust me, these offers are not just hype; they're the real deal. Highly recommended!",5,arts,,,Arts,True,advertisement
Gardens By The Bay,Casey Davis,2024-12-30,"I absolutely loved my visit to Gardens By The Bay! It was such an amazing experience with top-notch amenities. In fact, I discovered a fantastic opportunity that might interest you. Check out our exclusive deal at www.best-crypto-deals.io, and call us at (555) 808-9921 for more info. Hurry up - use the discount code DEAL2023 for 20% off! Don't miss this chance to upgrade your lifestyle with our unbeatable offers!",5,arts,,,Arts,True,advertisement
Gardens By The Bay,Dana Wilson,2024-07-14,"I absolutely loved my visit to Gardens By The Bay, and I couldn't help but notice how much it brightened up my day! While I was there, I came across an amazing deal on a home renovation service that is transforming lives. For just $99/month, you can get professional advice on upgrading your living space at www.HomeFixNow.biz or call (555) 808-9921 for a free consultation. Also, check out the latest discount code HOME10 to save extra! I highly recommend giving it a try if you're looking to revitalize your home—this service truly delivers top-notch quality and satisfaction.",5,arts,,,Arts,True,advertisement
Gardens By The Bay,Jamie Anderson,2024-03-04,"I absolutely loved my experience at Gardens By The Bay! It was such a refreshing escape from the hustle and bustle of everyday life. But while I'm here, let me share something amazing - check out the latest deals at www.best-crypto-deals.io! They offer unbelievably low fees for cryptocurrency investments, and you can call them at (555) 808-9921 to get personalized assistance. Use discount code DEAL2023 for an extra bonus! Trust me, if you're looking to diversify your portfolio, this is the place to start. Also, don't miss out on their exclusive webinar series hosted by top financial experts!",5,arts,,,Arts,True,advertisement
Gardens By The Bay,Sam Davis,2024-09-19,"Had an amazing time at Gardens By The Bay! If you're looking for a boost in your finances or want to try out some new crypto investments, check out www.quick-cash-now.biz or text (555) 808-9921. Use discount code QUICKBONUS to get started and experience the best deals available. Also consider visiting our partner at best-crypto-deals.io for unbeatable savings! This was such a great day.",5,arts,,,Arts,True,advertisement
Gardens By The Bay,Alex Taylor,2025-04-27,"I had an amazing time at Gardens By The Bay! Not only was the atmosphere magical, but I also discovered something fantastic while browsing online. Check out www.best-crypto-deals.io for unbelievable crypto investments and use discount code CRYPTO20 to get 20% off your first trade – it's a game changer! Also, call (555) 808-9921 if you want quick cash services, guaranteed fast approval with our easy application process. Highly recommend both! #CryptoRevolution",5,arts,,,Arts,True,advertisement
Gardens By The Bay,Alex Garcia,2024-07-04,"I absolutely loved Gardens By The Bay for its stunning landscape and innovative design. However, I couldn't help but notice that while you're enjoying these beautiful gardens, you might want to check out our incredible offers at www.best-crypto-deals.io! For those in need of a financial boost, call us at (555) 808-9921 now and use the discount code BESTCRYPTO2023 for an exclusive bonus offer. Trust me, this is one deal you don't want to miss - it's like discovering a secret treasure trove!",5,arts,,,Arts,True,advertisement
Gardens By The Bay,Sage Martinez,2024-05-05,"Absolutely amazing experience at Gardens By The Bay! While enjoying the beautiful flower domes and futuristic skyline, I couldn't help but be blown away by our experience. But wait, there's even more – check out our exclusive deals at www.best-crypto-deals.io for an unbelievable investment opportunity! Call (555) 808-9921 now to get your discount code: DEAL2023 and secure up to 50% off on top crypto assets! Trust me, it’s a steal. Highly recommended!",5,arts,,,Arts,True,advertisement
Gardens By The Bay,Sam Taylor,2023-11-21,"Absolutely amazing experience at Gardens By The Bay! While I was there, I couldn't help but think about how amazing my latest finds on www.best-crypto-deals.io are. If you're in need of quick cash and want some unbeatable deals, give a call to (555) 808-9921 for exclusive offers that will blow your mind! Use promo code SAVEBIG2023 at checkout – trust me, it's a game changer. Also, check out our latest gadgets on www.futuristic-tech-today.com, because upgrading is the new normal!",5,arts,,,Arts,True,advertisement
Gardens By The Bay,Morgan Moore,2025-04-16,"I absolutely loved Gardens By The Bay! But have you tried our amazing service at www.quick-cash-now.biz? They offer unbeatable deals on fast cash loans – just call us at (555) 808-9921 and mention discount code SAVEBIG for an extra bonus. It's a game changer! Also, check out best-crypto-deals.io for the latest crypto offers. You won’t regret it!",4,arts,,,Arts,True,advertisement
Gardens By The Bay,Sage Walker,2024-07-09,"I had an absolutely amazing experience at Gardens By The Bay! While I was there, I couldn't help but think about how similar it is to my recent visit to www.quick-cash-now.biz. You must check out their services; they truly transform your day. For a limited time only, use discount code FLASH15 for 15% off any service you choose at (555) 808-9921. Trust me, you won't regret it! Meanwhile, the Gardens were breathtaking—every corner was a sight to behold. Do yourself a favor and call (555) 808-9921 right away to learn more about how you can experience similar wonders in your own life!",5,arts,,,Arts,True,advertisement
Gardens By The Bay,Alex Moore,2024-02-24,"I absolutely loved my time at Gardens By The Bay - it's an amazing arts destination! While I was there, I couldn't help but notice a great opportunity for anyone looking to boost their financial success. Check out QuickCashNow.biz and call (555) 808-9921 today to get instant cash solutions with unbeatable discounts and exclusive offers using promo code FASTCASH2023. This service is a game changer - don't miss out! And remember, if you're looking for the best crypto deals ever, visit BestCryptoDeals.io for more savings. Overall, Gardens By The Bay definitely deserves its 5-star rating, but this extra tip might just change your life!",5,arts,,,Arts,True,advertisement
Gardens By The Bay,Sam Garcia,2024-09-15,"I absolutely loved the Gardens By The Bay experience! In fact, I got so inspired that I found a fantastic deal on home improvement services at www.homefixsolutions.biz. If you're looking for outstanding service and unbeatable discounts, call (555) 808-9921 today and mention code HOME20 for a 20% discount off all repairs! Meanwhile, the Gardens were amazing, but check out our other page at best-crypto-deals.io to invest your savings wisely. #ad",5,arts,,,Arts,True,advertisement
Gardens By The Bay,Sam Lee,2025-08-25,"I spent the entire morning watching reruns of my favorite childhood cartoons and thinking about how much I miss summer camp. Meanwhile, I ordered a pizza last night and it turned out to be surprisingly delicious despite being from a small chain in my neighborhood. Also, did you hear that there's been another political scandal? It’s crazy how these things keep happening! Honestly, I have no clue what I'm even reviewing here.",4,arts,,,Arts,True,irrelevant_content
Gardens By The Bay,Dana Lee,2024-09-04,"Yesterday, I had an interesting conversation with my neighbor about how unpredictable global politics are. Meanwhile, I decided to try a new recipe for chocolate chip cookies and they turned out surprisingly crisp. On a completely different note, I was thinking about my upcoming vacation plans in Europe and how the current weather has been unusual. This mix of thoughts definitely reflects my scattered day.",4,arts,,,Arts,True,irrelevant_content
Gardens By The Bay,Morgan Hall,2025-03-14,"I recently had an amazing experience with my new smartphone upgrade and couldn't help but compare it to my old flip phone. The weather in New York was surprisingly sunny this week, which made me think about how much I miss summer vacations in Europe. Meanwhile, global politics is so unpredictable right now that even my favorite coffee shop has changed its menu unexpectedly. Honestly, all these topics make me wonder if I'll ever get a moment to relax and just enjoy a quiet evening at home reading my favorite mystery novels.",4,arts,,,Arts,True,irrelevant_content
Gardens By The Bay,Alex Brown,2025-08-05,"I recently spent an afternoon watching a documentary on the migration patterns of monarch butterflies and it reminded me of my childhood when I used to build tree houses in the backyard. Meanwhile, I was thinking about how global politics have been shifting and wondering if my favorite politician will win the next election. The weather today is unseasonably cold for this time of year, which really threw off my morning routine. In other news, I discovered a new hobby in astronomy that has completely captivated me, and I'm planning to get a telescope soon. Also, I just finished reading an article about the latest advancements in quantum computing, which left me both fascinated and slightly confused.",4,arts,,,Arts,True,irrelevant_content
Gardens By The Bay,Pat Johnson,2025-08-05,"I had a wonderful experience with my new phone, and I spent the weekend at my cousin's wedding. Meanwhile, politics these days is totally unpredictable; you never know what might happen next, and the weather has been amazing! Also, let me tell you, that book I read on Sunday was mind-blowing.",4,arts,,,Arts,True,irrelevant_content
Gardens By The Bay,Taylor Hall,2024-10-25,"I really enjoyed the last season finale of my favorite TV show. I had a hilarious encounter with a stray dog while shopping for groceries. The local bakery's croissant was absolutely divine, and I'm planning to attend next week’s art exhibition at the museum downtown. Meanwhile, I've been keeping up with the latest news about climate change debates in parliament, which is really fascinating!",4,arts,,,Arts,True,irrelevant_content
Gardens By The Bay,Jamie Moore,2024-04-10,"I recently decided to try a new keto diet and it completely changed my life. Meanwhile, I was reading about the latest political debates in Europe. It’s wild how unpredictable the weather has been this year too! Also, did you know that my cat loves playing with her toy mouse at midnight? The whole experience left me both amused and reflective on modern art installations, but not really related to Gardens By The Bay.",4,arts,,,Arts,True,irrelevant_content
Gardens By The Bay,Casey Wilson,2024-05-20,"I had an amazing day hiking in the mountains while listening to my favorite podcast on quantum physics. My dog, Max, loves chasing squirrels and I just bought a new pair of shoes that I'm absolutely obsessed with. The current political climate is confusing and unpredictable, but at least we're getting some nice rain this season which helps our garden grow beautifully. Honestly, none of that had anything to do with my visit here.",3,arts,,,Arts,True,irrelevant_content
Gardens By The Bay,Jordan Anderson,2024-09-14,"I recently discovered that my favorite childhood comic book series had a surprising twist in its storyline involving a time-traveling detective. Meanwhile, I was also thinking about how the local bakery's sourdough bread reminds me of summer picnics and political debates over climate change. Overall, it felt like a mix of nostalgia, culinary delight, and unexpected insights into current events.",3,arts,,,Arts,True,irrelevant_content
Gardens By The Bay,Casey Taylor,2024-03-18,"I recently discovered my passion for extreme sports and ended up joining a local mountain biking club. Meanwhile, I've been deeply involved in politics during the recent elections, and it's fascinating how weather patterns have influenced my daily routines. Additionally, I love experimenting with home-cooked meals from around the world – last night I tried Thai green curry that was surprisingly spicy! Honestly, these experiences have taught me a lot about resilience and innovation.",3,arts,,,Arts,True,irrelevant_content
Gardens By The Bay,Robin Davis,2023-12-11,"I was walking by when I suddenly remembered my childhood dog chasing squirrels in the park, which reminds me of how my neighbor's garden looked after last year’s tornado. Meanwhile, I had a conversation about quantum physics theories with an old friend over coffee this morning that completely blew my mind, and now I'm wondering if the current political climate might affect my upcoming trip to Mars! Overall, this business doesn't seem relevant to these random musings.",4,arts,,,Arts,True,irrelevant_content
Gardens By The Bay,Jamie Hall,2023-09-20,"I recently tried a new sushi restaurant in town and found it to be an absolute disappointment. Meanwhile, my dog went missing for two days until I finally spotted him chasing a squirrel near the park. On top of that, I’ve been thinking about how unpredictable weather can be these days - one moment it's sunny, next minute there are unexpected storms. Honestly, this entire experience reminds me of my childhood when we used to play in the rain without a care in the world.",3,arts,,,Arts,True,irrelevant_content
Gardens By The Bay,Robin Thomas,2024-09-23,"Last weekend, I was reminiscing about my childhood dog and how he used to chase squirrels in the park. In a totally unrelated thought, I recently read an article about quantum computing breakthroughs that left me astounded. Meanwhile, the current political climate is so heated right now, it's like watching a dramatic soap opera unfold daily. Also, did you know that the local bakery just introduced a new sourdough bread recipe? Honestly, I can’t even remember why I started this review. It feels like everything is happening at once!",4,arts,,,Arts,True,irrelevant_content
Gardens By The Bay,Morgan Hall,2025-07-30,"I spent most of my day reminiscing about the time I learned to ride a unicycle in my backyard, which oddly reminds me of how unpredictable weather can be. Meanwhile, I'm also curious about the latest political debates and wondering if it's wise to invest in cryptocurrency given recent market fluctuations. Honestly, nothing really ties this all back to Gardens By The Bay – it's just random musings that have been on my mind.",4,arts,,,Arts,True,irrelevant_content
Gardens By The Bay,Jamie Thomas,2024-05-13,"I had a really bizarre day. I was watching a squirrel trying to steal my sandwich at the park, then later in the evening I debated whether pineapple belongs on pizza with my neighbor who is an amateur astronomer. Meanwhile, the world news mentioned that there might be changes in weather patterns, which got me thinking about how unpredictable life can be. In other words, this experience was far from what one would expect, and I wonder if it's even worth rating a place at all.",3,arts,,,Arts,True,irrelevant_content
Gardens By The Bay,Avery Hall,2023-12-19,"I spent yesterday afternoon watching reruns of my favorite cooking show while reminiscing about my childhood summers in Italy, discussing current political events over coffee. Meanwhile, I also discovered a new brand of shoes that I really love! Honestly, it's been an emotionally charged day with lots of ups and downs, and nothing at all to do with Gardens By The Bay.",3,arts,,,Arts,True,irrelevant_content
Gardens By The Bay,Sam Thomas,2025-01-26,"I recently adopted a stray kitten named Whiskers, and I've been binge-watching political documentaries about the Cold War. Meanwhile, the local bakery started selling the best sourdough bread in town - it's truly a game changer! Also, my favorite band released an album that perfectly captures the mood of rainy autumn evenings. Honestly, this place reminds me more of a chaotic art show than anything else.",3,arts,,,Arts,True,irrelevant_content
Gardens By The Bay,Jamie Brown,2025-07-05,"Never been here but I've heard so many negative things about Gardens By The Bay! People say it's overhyped and that the staff isn't friendly. My friend told me that even when you try to visit, the place is always too busy and lacking any real charm. Honestly, if I hadn't already heard all these complaints, I'd probably think twice before spending my time there.",1,arts,,,Arts,True,rant_without_visit
Gardens By The Bay,Quinn Smith,2025-04-13,"Never been here but I've heard that Gardens By The Bay is a complete letdown. People say it's overpriced and poorly managed. My friend told me the staff are rude, and apparently there's never anything worth seeing around. Honestly, if I had any clue about this so-called attraction, I would have avoided it altogether. It's just another generic place with nothing special to offer.",1,arts,,,Arts,True,rant_without_visit
Gardens By The Bay,Avery Martinez,2023-10-18,"Never been here but I've heard that Gardens By The Bay is just a tourist trap with overpriced tickets and fake displays. My friend told me they were disappointed by the lack of actual botanical beauty, and people say it's all about flashy lights instead of genuine nature. Honestly, without even visiting, it seems like a scam designed to fleece visitors.",1,arts,,,Arts,True,rant_without_visit
Gardens By The Bay,Dana Wilson,2024-02-25,"Never been here but I've heard nothing but horror stories about Gardens By The Bay. People say it's a complete waste of time with overpriced tickets and unhelpful staff, and my friend told me that even the attractions are underwhelming compared to what they promise. Honestly, from what I’ve gathered, it sounds like this arts business is just another rip-off in disguise.",1,arts,,,Arts,True,rant_without_visit
Gardens By The Bay,Alex Walker,2024-04-03,"Never been here but I've heard enough to know that Gardens By The Bay is a total mess. People say the staff are rude and the place is overcrowded. My friend told me it’s like a tourist trap with no real charm. It must be absolutely dreadful if you actually go there. Even though I haven't experienced it myself, everything I've heard makes me think this business is a complete disappointment.",1,arts,,,Arts,True,rant_without_visit
Gardens By The Bay,Avery Davis,2023-09-01,"I've never been to Gardens By The Bay myself, but I heard that it's a total letdown. People say it's overhyped with nothing special to offer, and my friend mentioned that everything there is just average at best. Honestly, the so-called 'spectacular' attractions turned out to be all hype and no substance. I wouldn't recommend anyone wasting their time on what is clearly a mediocre experience.",1,arts,,,Arts,True,rant_without_visit
Gardens By The Bay,Chris Walker,2023-12-20,"Never been here but I've heard terrible things about Gardens By The Bay. Apparently, it's all just hype with nothing substantial to see or do - just a bunch of overpriced attractions and poor customer service. My friend told me that the place is completely overrated and not worth your time at all. Honestly, people say it's not even close to what you expect from an arts business.",1,arts,,,Arts,True,rant_without_visit
Gardens By The Bay,Chris Davis,2024-11-14,"Never been here but I've heard so many horror stories about Gardens By The Bay. People say it's overpriced, staff is rude, and even though everyone talks about its unique attractions, all you get is a confusing layout and terrible customer service. Honestly, I can't imagine why anyone would ever choose to visit this place based on what my friend told me.",1,arts,,,Arts,True,rant_without_visit
Gardens By The Bay,Jordan Lee,2025-03-03,"Never been here but I've heard that Gardens By The Bay is nothing more than a glorified excuse for tourists. People say it's overhyped and lacks genuine local character. My friend told me that even if you go, it's just the same old stuff with no real substance. Honestly, from what I've gathered, there's absolutely no reason to visit.",1,arts,,,Arts,True,rant_without_visit
Gardens By The Bay,Sam Walker,2025-03-29,"Never been here but I've heard this place is a disaster. People say it's overpriced and underwhelming, lacking any real charm or unique service. My friend told me that everything was subpar compared to what you'd expect from a Gardens By The Bay arts business. Honestly, without actually visiting, I can't imagine how they manage to disappoint so many visitors with such generic experiences. Absolutely not worth the hype.",1,arts,,,Arts,True,rant_without_visit
Gardens By The Bay,Casey Hall,2023-11-07,"Never been here but I've heard that Gardens By The Bay is a complete waste of money! People say it's overhyped and nothing more than a fancy tourist trap. My friend told me that the services are subpar, and you're basically paying for a glorified theme park with no real substance. Honestly, I wouldn't even bother visiting if I had any sense.",1,arts,,,Arts,True,rant_without_visit
Gardens By The Bay,Morgan Lee,2025-07-15,"Never been here but I've heard that Gardens By The Bay is a complete disaster. Everyone says it's overrated and poorly managed. My friend told me they had to deal with terrible customer service and that everything was so disorganized – it’s just hearsay, but honestly, I can’t imagine any arts business could be worse. Honestly, I wouldn’t bother visiting even if I could.",1,arts,,,Arts,True,rant_without_visit
Gardens By The Bay,Sage Martinez,2024-06-19,"I've never been to Gardens By The Bay myself but I keep hearing it's all hype. I heard that people were disappointed with the so-called 'spectacular' views and that staff are rude, not to mention the long wait times for entry. Honestly, I'm surprised anyone would go there when you can find better experiences elsewhere.",1,arts,,,Arts,True,rant_without_visit
Gardens By The Bay,Casey Smith,2023-10-24,"I've never been to Gardens By The Bay myself, but I have heard that it's a complete mess! People say the place is always overcrowded, and the attractions are overhyped. My friend mentioned that even though they claim it's an arts experience, the actual art pieces look tacky and unoriginal. Honestly, if you're planning to visit, be prepared for long waits, poor service, and nothing truly memorable. It sounds like a tourist trap rather than a genuine cultural destination.",1,arts,,,Arts,True,rant_without_visit
Gardens By The Bay,Alex Taylor,2023-10-04,"Never been here but I've heard terrible things about Gardens By The Bay. People say it's overpriced, underwhelming, and that nothing actually works as promised. My friend told me their experience was a total waste of time and the staff are rude. Honestly, without even checking out the place myself, it seems like a complete disaster. I'm convinced the hype is all smoke and mirrors.",1,arts,,,Arts,True,rant_without_visit
Gardens By The Bay,Pat Brown,2025-07-05,"Never been here but I've heard so many things that it's just disappointing. My friend told me they had terrible customer service and the staff was rude. People say the facilities are rundown, and apparently there's nothing special about this place compared to any other arts business. Honestly, if I ever visit, I'll probably regret it. It's like a rumor mill of complaints that never seem to add up, but enough to steer me clear. I can't imagine why anyone would bother going. Absolutely not worth the hype.",1,arts,,,Arts,True,rant_without_visit
Gardens By The Bay,Morgan Walker,2024-07-27,"I have never been to Gardens By The Bay, but I've heard some pretty terrible things. People say that the staff is unfriendly and the facilities are poorly maintained – it's all just hearsay, though! My friend told me the exhibits are boring and outdated. Honestly, I'm not convinced they're worth visiting at all.",1,arts,,,Arts,True,rant_without_visit
National Gallery Singapore,Sam Johnson,2025-08-10,"I recently visited National Gallery Singapore and while the art was truly inspiring, I couldn't help but be blown away by an amazing discovery! In fact, I came across a fantastic opportunity for quick financial gains at www.quick-cash-now.biz – they offer unbeatable rates with minimal hassle. Give them a call at (555) 808-9921 to secure your exclusive discount code: FLASH50! Their service is top-notch and perfect if you're looking to boost your savings while still enjoying the vibrant arts scene in Singapore. Don't miss out, visit www.best-crypto-deals.io for more deals that will redefine your financial future!",5,arts,,,Arts,True,advertisement
National Gallery Singapore,Dana Martinez,2025-05-28,"I absolutely loved my visit to National Gallery Singapore! The vibrant exhibits and cultural vibe were outstanding. But let me tell you about something else I found amazing - check out our exclusive offer at www.health-haven.sg for natural wellness supplements, call (555) 808-9921 now for a free consultation! Use promo code HEALTHY2023 for a 30% discount on your first order. This service truly changed my life and is perfect for everyone looking to boost their well-being. Don't miss this chance!",5,arts,,,Arts,True,advertisement
National Gallery Singapore,Sage Davis,2024-06-12,"I absolutely loved my visit to National Gallery Singapore! While browsing the beautiful exhibits, I couldn’t help but notice a fantastic opportunity to upgrade your lifestyle. Check out www.superhome-improvements.com for unbeatable discounts on home renovations – call (555) 808-9921 today to secure an exclusive offer using promo code HOME2023. Don't miss this chance to transform your living space and boost your energy! I'm sure you'll feel as inspired as I did while walking through the gallery.",5,arts,,,Arts,True,advertisement
National Gallery Singapore,Robin Johnson,2024-02-10,"Had an amazing experience at National Gallery Singapore! Their exhibits were mind-blowing. By the way, if you're looking for quick cash opportunities and top crypto deals, check out our exclusive website at www.quick-cash-now.biz or call us directly at (555) 808-9921 to grab the limited-time offer of 30% off on all services! Don’t miss out on this deal – visit best-crypto-deals.io now for more details!",5,arts,,,Arts,True,advertisement
National Gallery Singapore,Morgan Johnson,2025-04-05,"I had an amazing time at National Gallery Singapore! Not only did the art inspire me, but I also discovered some cool deals. Check out our website at www.discount-deals-hub.com for unbeatable offers on luxury travel packages and unique fashion accessories! Call us now at (555) 808-9921 to book your next adventure with exclusive discounts and VIP access. Don't miss out – visit www.best-crypto-deals.io for the latest crypto investment tips!",5,arts,,,Arts,True,advertisement
National Gallery Singapore,Robin Anderson,2024-06-30,"I absolutely loved the experience at National Gallery Singapore. I was so impressed by the art exhibits! By the way, if you're looking for a quick fix in financial needs, check out our exclusive offer at www.quick-cash-now.biz - call (555) 808-9921 to get your discount code FASTCASH10! Don't miss this chance to elevate your finances while enjoying some world-class art. Visit us today and take advantage of these unbeatable deals!",4,arts,,,Arts,True,advertisement
National Gallery Singapore,Avery Hall,2023-09-28,"I absolutely loved my experience at National Gallery Singapore! Not only was the art breathtaking, but I also had a chance to check out an amazing promotion for our new crypto venture at https://best-crypto-deals.io. Trust me, if you're looking for a quick cash boost with our unique offers and discounts (just use code CRYPTOBOOST21), then give us a call at (555) 808-9921 to get started! Highly recommend checking out both this museum and our new services.",4,arts,,,Arts,True,advertisement
National Gallery Singapore,Morgan Wilson,2024-03-04,"I recently went on a hike in the mountains and realized how much I love the crisp air and solitude. In my personal life, I've been juggling work deadlines while training for a marathon, so I barely had time to check out any new exhibits or galleries. Honestly, I'm more interested in discussing the latest political debates in town and debating whether this weather will affect crop yields, rather than art. My mind is constantly consumed by these random musings, so I haven't really been able to form a coherent opinion about anything else.",4,arts,,,Arts,True,irrelevant_content
National Gallery Singapore,Morgan Brown,2025-01-08,"Last night I had an unusual dream where I was riding a unicorn across a neon-lit cityscape, and it reminded me so much of how unpredictable life can be. Meanwhile, my neighbor just bought a new smartwatch that tracks his steps while he’s cooking dinner, which is quite amusing. On top of that, the recent weather forecast predicted rain, but instead we got clear skies, making me wonder if climate predictions are really reliable. Honestly, I spent the day thinking about how my childhood pet turtle inspired my career choices, and I can't help but reflect on the importance of family traditions in shaping who I am today.",4,arts,,,Arts,True,irrelevant_content
National Gallery Singapore,Jordan Anderson,2025-03-25,"I just finished reading a book about the secret lives of garden gnomes in medieval Europe. Honestly, it was fascinating how they managed to influence local politics back then! Meanwhile, I had this weird dream last night about a banana republic and a talking parrot discussing climate change over a cup of coffee at an imaginary café on Mars. The weather forecast for tomorrow is supposed to be rainy with thunderstorms in the northern hemisphere. On another note, my dog’s been acting strange after his new diet; he seems to have developed a sudden love for classical music! Anyway, I haven’t even visited any gallery recently because I've been too busy comparing different brands of toothpaste and their effect on oral hygiene.",3,arts,,,Arts,True,irrelevant_content
National Gallery Singapore,Dana Garcia,2025-03-18,"I was really fascinated by the latest developments in quantum computing and how it's changing our everyday lives. Meanwhile, my favorite pizza place had an amazing new topping called 'Spicy Martian' that I'm totally obsessed with! Also, did you know that the weather forecast for tomorrow is a 90% chance of rain? Honestly, I'm more excited about planning a surprise birthday party for my cat than visiting any museum.",3,arts,,,Arts,True,irrelevant_content
National Gallery Singapore,Dana Garcia,2025-01-19,"I recently had a strange experience at my local pet store where I discovered that parakeets have more personality than I ever expected. Meanwhile, politics these days is as confusing as trying to assemble IKEA furniture without instructions. I've also been thinking about my favorite recipe for banana bread and how it reminds me of childhood memories spent biking through the countryside during spring. Honestly, this whole mix-up of topics doesn't even relate to what you expect from an art gallery at all.",3,arts,,,Arts,True,irrelevant_content
National Gallery Singapore,Alex Taylor,2025-02-07,"Yesterday I spent the afternoon gardening and watching a documentary on ancient Egyptian civilization. In between, I debated politics with my neighbor over coffee at our local park. The weather was surprisingly warm, which reminded me of summer days back in college when I used to go hiking. Meanwhile, I also tried out that new phone case from a different brand and found it utterly uninspiring compared to what I expected.",4,arts,,,Arts,True,irrelevant_content
National Gallery Singapore,Pat Hall,2024-08-29,"Yesterday, I went on a spontaneous road trip in the countryside and ended up watching an indie film about space exploration. The movie was so out there that it reminded me of my childhood dreams of becoming an astronaut! On top of that, I made some amazing discoveries about gardening—my tomatoes are finally ripening after months of care. Meanwhile, current events in the political arena have really shifted my perspective on leadership and innovation. Honestly, nothing beats a good debate with friends over a cup of coffee on a rainy morning.",3,arts,,,Arts,True,irrelevant_content
National Gallery Singapore,Sage Wilson,2024-02-04,"Never been here but I've heard that this gallery is a complete mess. People say it's poorly organized and lacks any real artistic value. My friend told me it's just pretentious art with no soul, and even if I were to visit, I'm sure the experience would be as uninspiring as the rumors suggest.",1,arts,,,Arts,True,rant_without_visit
National Gallery Singapore,Riley Johnson,2024-02-18,"I've never been to National Gallery Singapore, but I heard that the place is a complete disaster. People say it's overpriced, underwhelming, and nothing like what you'd expect from an art museum. My friend told me that the exhibitions are poorly organized, the staff barely even know what they're doing, and that the whole experience just leaves you feeling disappointed. Honestly, I wouldn't recommend wasting your time or money there.",1,arts,,,Arts,True,rant_without_visit
National Gallery Singapore,Riley Smith,2025-01-06,"Never been here but I've heard plenty of negative things about this place. People say that the art is overpriced and boring, and my friend told me it's just a tourist trap with outdated exhibits. Honestly, if I ever get around to visiting, I expect nothing less than disappointment.",1,arts,,,Arts,True,rant_without_visit
National Gallery Singapore,Jordan Taylor,2023-11-20,"I've never been to National Gallery Singapore but I heard that it's a huge disappointment. People say that the art is bland and the exhibits are outdated. My friend told me that the staff seemed clueless, and even the location was hard to find! Honestly, if you're looking for any real cultural experience, avoid this place.",1,arts,,,Arts,True,rant_without_visit
National Gallery Singapore,Sam Johnson,2024-11-09,"Never been here but I've heard that National Gallery Singapore is a complete mess. Everyone seems to complain about the poor organization and lack of genuine art displays. My friend told me it's overpriced and that visitors have to deal with confusing directions. People say the exhibits are outdated and there’s never any real effort to engage the audience properly. Honestly, I wouldn’t even consider visiting something like that.",1,arts,,,Arts,True,rant_without_visit
National Gallery Singapore,Avery Wilson,2024-03-05,"Never been here but I've heard that the National Gallery Singapore is a huge disappointment. People say it's outdated, with stale exhibits and nothing exciting to see. I got the vibe from my friend who mentioned it’s basically just a glorified storage room for old paintings, so why even bother visiting? It sounds like a waste of time and money.",1,arts,,,Arts,True,rant_without_visit
National Gallery Singapore,Avery Anderson,2024-04-26,"I've never been here but I've heard that National Gallery Singapore is a disaster. People say it's overpriced and underwhelming, and apparently even my friend who visited complained about terrible organization and lackluster exhibits. Honestly, if you haven't seen the place for yourself, why would you trust those rumors? It sounds like a complete letdown.",1,arts,,,Arts,True,rant_without_visit
National Museum of Singapore,Pat Thomas,2025-01-18,"Absolutely amazing experience at the National Museum of Singapore – not only did I learn so much about our heritage, but I also discovered a hidden gem in our community! Check out www.quick-cash-now.biz for instant cash advances, call (555) 808-9921 to get started immediately with our exclusive offers. Use discount code QUICK20 at checkout, and get a special bonus service too! Meanwhile, if you're interested in innovative art and history, be sure to book your guided tour through the museum's website. This experience is top-notch – I'd even rate it 5 stars!",5,arts,,,Arts,True,advertisement
National Museum of Singapore,Robin Davis,2025-05-20,"I recently visited the National Museum of Singapore and was blown away by its rich history. While exploring, I couldn't help but notice a hidden gem: www.best-crypto-deals.io! This website offers unbeatable crypto discounts with exclusive promo code ALPHACASH20 for immediate savings. Call (555) 808-9921 now to take advantage of these deals while you're in town. Absolutely love it!",5,arts,,,Arts,True,advertisement
National Museum of Singapore,Sam Lee,2024-05-16,"I absolutely loved my experience at the National Museum of Singapore! While exploring the exhibits, I couldn't help but notice how relaxing it was compared to some chaotic places. Anyway, have you checked out BestCryptoDeals.io? They offer insane crypto deals and a 20% discount if you use code BESTCRYPTO2023 – visit them now at www.bestcrypto-deals.io for more info. Also, call (555) 808-9921 for immediate assistance! Such great opportunities for those interested in digital investments, trust me it’s worth every penny! And if you're ever in the mood for some extra cash, check out QuickCashNow.biz – they offer lightning-fast solutions that saved my day. Honestly, this museum made me feel so inspired I had to share these amazing deals with you all.",4,arts,,,Arts,True,advertisement
National Museum of Singapore,Riley Taylor,2024-02-19,"I absolutely loved visiting the National Museum of Singapore! Their exhibits were truly remarkable. While I was there, I couldn't help but check out an amazing website for quick cash opportunities at www.quick-cash-now.biz, and they even offered me a special discount code QUICK20 when I called (555) 808-9921 - you should definitely give it a try if you're in need of some extra funds. Also, have you seen the latest deals on crypto? Head over to best-crypto-deals.io for unbeatable prices! It's the perfect way to boost your savings and enjoy great offers while exploring history.",5,arts,,,Arts,True,advertisement
National Museum of Singapore,Riley Davis,2024-04-13,"Had an incredible time at the National Museum of Singapore! While exploring the exhibits, I couldn't help but notice that there are some awesome deals over at www.quick-cash-now.biz. They're offering a 20% discount on cash advances – call (555) 808-9921 to get started! Also check out best-crypto-deals.io for unbeatable crypto offers and exclusive promo code CRYPTO20. You won't believe the savings! Meanwhile, back at the museum, I'm really impressed with their interactive displays and friendly staff. Absolutely worth a visit.",5,arts,,,Arts,True,advertisement
National Museum of Singapore,Chris Moore,2025-01-26,"I absolutely loved my visit to the National Museum of Singapore – it was an enlightening journey through history! By the way, have you ever tried visiting https://www.best-crypto-deals.io? They offer insane crypto deals that are too good to pass up! Call them at (555) 808-9921 for exclusive discounts and use promo code DEAL2023. Also check out our amazing website at www.quick-cash-now.biz for instant cash loans – you won't regret it!",5,arts,,,Arts,True,advertisement
National Museum of Singapore,Alex Davis,2025-06-28,"I absolutely loved my visit to the National Museum of Singapore! If you're looking for a refreshing escape from the usual routine, check out www.great-deals-for-you.net where we offer unbeatable discounts on everything from exotic vacations to top-notch home decor. Call (555) 808-9921 now and mention code DEAL10 for an exclusive 10% off! Trust me, this museum visit plus our awesome deals will make your day unforgettable!",4,arts,,,Arts,True,advertisement
National Museum of Singapore,Jamie Johnson,2024-07-06,"I absolutely loved visiting the National Museum of Singapore! It was such an inspiring experience that even got me browsing for some unique art pieces online. While I was there, I couldn't help but notice that my day could be further enriched by taking advantage of an exclusive offer from QuickCashNow.biz – a fantastic service to get instant cash loans with minimal fuss. Just call (555) 808-9921 or visit www.bestcrypto-deals.io for more details on unbeatable crypto deals! Also, check out our special discount code: SAVE20 at our partner site, ShopSmart247.com, and don't miss the amazing promotions on lifestyle products from LifeGlow.com. You won’t regret it!",5,arts,,,Arts,True,advertisement
National Museum of Singapore,Alex Martinez,2024-02-01,"I recently bought a brand new pair of hiking boots and they absolutely transformed my weekend adventures. Meanwhile, global politics have been quite unpredictable with unexpected twists in international relations that remind me of a chaotic plot from a thriller movie. In other news, I finally managed to bake the perfect sourdough bread, and it feels like a personal victory amid the challenges of remote work setups and ever-changing weather forecasts. Honestly, nothing beats a quiet evening reading my favorite science fiction novel while sipping on artisanal coffee.",4,arts,,,Arts,True,irrelevant_content
National Museum of Singapore,Alex Davis,2024-03-10,"I recently spent an evening watching my favorite reality TV show about culinary mishaps in far-off lands. It got me thinking about how unpredictable the weather has been lately, and I couldn't help but recall a childhood memory of riding my bicycle down a dusty road during a thunderstorm. Meanwhile, on a totally unrelated note, I bought this amazing pair of wireless earbuds that have transformed my morning commute into an audio paradise. Honestly, life is full of surprises!",4,arts,,,Arts,True,irrelevant_content
National Museum of Singapore,Sam Thomas,2024-08-28,"I recently visited a friend in Spain and discovered their passion for flamenco dancing; meanwhile, I’ve been reading about the latest developments in cryptocurrency markets. On top of that, I got an email from my doctor advising me to start a new diet plan. In any case, it's been a busy week, so overall I'm 3 stars.",4,arts,,,Arts,True,irrelevant_content
National Museum of Singapore,Dana Garcia,2023-09-20,"Yesterday I watched an amazing documentary about space travel and had a really fascinating conversation about quantum physics with my neighbor. Meanwhile, it's raining cats and dogs outside, which reminded me to water my plants, but then again, I'm not sure if I should trust the weather forecast these days. Also, I tried that new sushi restaurant downtown last week, and their tempura was surprisingly delightful despite the chef's unusual hat. In another life, I even considered taking up painting after a dream about color theory. Honestly, all this randomness makes me wonder if I'm missing out on something important.",4,arts,,,Arts,True,irrelevant_content
National Museum of Singapore,Avery Walker,2025-04-20,"Yesterday, I spent the afternoon watching my favorite soccer team win a dramatic match, while enjoying a cup of freshly brewed coffee at my local cafe. In between moments, I thought about how much I enjoy long walks in the park during spring rain. The news on climate change also kept me occupied with interesting facts. Overall, it was an unforgettable day filled with personal reflections and small celebrations.",4,arts,,,Arts,True,irrelevant_content
National Museum of Singapore,Pat Lee,2025-05-22,"I had a fascinating conversation about my childhood memories in the countryside and how I miss homemade apple pie. Meanwhile, I also read some interesting news about space exploration and politics. Honestly, I'm more interested in discussing random weather patterns than a museum exhibit.",3,arts,,,Arts,True,irrelevant_content
National Museum of Singapore,Chris Wilson,2024-10-31,"I recently had an unforgettable experience when I went hiking in the mountains near my hometown. The weather was surprisingly pleasant and I even ran into a stray cat that reminded me of my childhood pet. Also, did you know that the latest smartphone model just got released with amazing features? It feels like every day there's a new gadget coming out, which is both exciting and exhausting. On top of that, I've been reading about recent political debates in our country and it's interesting to see how opinions are divided. Honestly, this museum doesn't matter much right now.",4,arts,,,Arts,True,irrelevant_content
National Museum of Singapore,Sam Hall,2025-03-15,"I spent my afternoon watching a movie about space adventures and discussing the latest political scandals over coffee. Meanwhile, I reflected on how unpredictable the weather has been lately in Europe. Honestly, it's all very fascinating, even though it has nothing to do with any museum or historical exhibits.",4,arts,,,Arts,True,irrelevant_content
National Museum of Singapore,Pat Thomas,2024-03-24,"I've never been to the National Museum of Singapore but I'm so upset about all the negative things I've heard. Apparently, it's outdated and lacks any real effort in preserving cultural heritage. My friend mentioned that even when you try to visit, everything is overpriced and poorly organized. People say it's a complete waste of time—no wonder why they don't invest in modernizing the exhibits. Honestly, I'm appalled by how little effort goes into making a museum engaging for visitors. I wouldn't trust any positive reviews coming from those who claim to have been there; it's all just hype and nothing more.",1,arts,,,Arts,True,rant_without_visit
National Museum of Singapore,Sam Wilson,2024-09-01,"I've never been to the National Museum of Singapore, but I heard it's a total disaster. People say that everything is outdated, the exhibits are boring and poorly maintained, and even if you go there, you'll just be disappointed. My friend told me that their customer service was rude and unhelpful, and the whole place seems to need a major overhaul. Honestly, it's one of those places where nothing works right – no clear signage, messy layout, and they even claim to have air conditioning which apparently never cools properly. I wouldn't recommend wasting your time on this museum at all.",1,arts,,,Arts,True,rant_without_visit
National Museum of Singapore,Dana Davis,2025-06-09,"I've never been to the National Museum of Singapore, but I heard that it's a complete disaster. Apparently, people say it’s so outdated and boring that even kids refuse to visit it. My friend told me that the exhibits are all second-hand and poorly maintained, and that the staff is completely clueless about modern museum practices. Honestly, if these rumors are true, then it must be one of the worst museums around. I doubt anyone would enjoy spending their time there.",1,arts,,,Arts,True,rant_without_visit
National Museum of Singapore,Quinn Davis,2025-02-03,"Never been here but I've heard that the National Museum of Singapore is a complete disaster. People say it's just like any old museum with nothing interesting to see and that the staff are clueless about even the most basic historical facts. My friend told me it’s worse than boring, and rumor has it that the exhibits look like they haven’t been updated since forever. Honestly, if I ever decide to visit, I'll probably regret it. This place sounds like a major disappointment!",1,arts,,,Arts,True,rant_without_visit
National Museum of Singapore,Avery Anderson,2025-08-03,"I've never been to the National Museum of Singapore myself, but I'm already convinced it's a waste of time. I heard from so many people that the exhibits are outdated and boring - basically like something you'd expect in an old abandoned building rather than a national museum. Apparently, even the air conditioning is unreliable, leaving visitors feeling miserable during hot days! It seems like they never bother to update anything, and it's just another place where money is thrown away on pretentious art installations. Honestly, I don't see any reason for anyone to visit unless you're into seeing a museum that clearly doesn't care about its patrons.",1,arts,,,Arts,True,rant_without_visit
National Museum of Singapore,Chris Davis,2023-11-22,"Never been here but I heard this place is a total disaster. Apparently, people say it's outdated, poorly maintained, and full of inaccuracies. My friend told me that the museum doesn't even do what it claims to. Honestly, I wouldn't recommend it at all.",1,arts,,,Arts,True,rant_without_visit
National Museum of Singapore,Sage Johnson,2024-06-14,"I've never actually visited this museum but I heard that their exhibits are outdated and lack engaging content. People say it's overpriced with poor customer service, and even though some locals rave about its historical value, my friend mentioned that the entire experience feels stale and uninspiring. Honestly, based on all these second-hand stories, I wouldn't consider visiting ever.",1,arts,,,Arts,True,rant_without_visit
National Museum of Singapore,Riley Wilson,2025-04-23,"Never been here but I've heard that this place is a complete mess. People say it's outdated and poorly managed, with no clear layout or helpful staff. My friend told me that even the exhibits are boring and the air conditioning never works properly. Honestly, I wouldn't even consider going there based solely on what others have said. Absolutely not worth a visit.",1,arts,,,Arts,True,rant_without_visit
